Random Generator,bet,02-2015,04-2015,06-2015,08-2015,10-2015,12-2015,02-2016,04-2016,06-2016,08-2016,10-2016,12-2016,02-2017,04-2017,06-2017,08-2017,10-2017,12-2017,02-2018,04-2018,06-2018,08-2018,10-2018,12-2018
101,0.159226807313231,0.5619834710743802,0.5684647302904564,0.5128205128205128,0.4789915966386555,0.43333333333333335,0.47478991596638653,0.4430379746835443,0.3686440677966102,0.3179916317991632,0.25523012552301255,0.19183673469387755,0.152,0.11507936507936507,0.07509881422924901,0.07509881422924901,0.07450980392156863,0.07228915662650602,0.0796812749003984,0.088,0.06692913385826772,0.08560311284046693,0.0888030888030888,0.10727969348659004,0.09541984732824428
102,0.140404905129639,0.3407079646017699,0.3495575221238938,0.39565217391304347,0.4152542372881356,0.39148936170212767,0.3760330578512397,0.3512396694214876,0.2975206611570248,0.24380165289256198,0.19665271966527198,0.15040650406504066,0.12955465587044535,0.11885245901639344,0.10655737704918032,0.07723577235772358,0.06,0.04780876494023904,0.04743083003952569,0.043137254901960784,0.027888446215139442,0.032,0.023715415019762844,0.01968503937007874,0.023715415019762844
103,0.115457955912362,0.2672413793103448,0.2425531914893617,0.2554112554112554,0.270042194092827,0.3054393305439331,0.32489451476793246,0.3133047210300429,0.29411764705882354,0.25630252100840334,0.2330508474576271,0.2074688796680498,0.1885245901639344,0.18106995884773663,0.1652892561983471,0.13524590163934427,0.1510204081632653,0.1446280991735537,0.13991769547325103,0.13114754098360656,0.11065573770491803,0.08713692946058091,0.09282700421940929,0.1148936170212766,0.12184873949579832
104,0.148753194984537,0.34901960784313724,0.4,0.4342629482071713,0.45977011494252873,0.46332046332046334,0.45384615384615384,0.38697318007662834,0.3423076923076923,0.25475285171102663,0.21722846441947566,0.16412213740458015,0.14285714285714285,0.12213740458015267,0.12355212355212356,0.10505836575875487,0.12403100775193798,0.12355212355212356,0.1076923076923077,0.10266159695817491,0.09328358208955224,0.09157509157509157,0.09854014598540146,0.12773722627737227,0.1299638989169675
105,0.133099892220339,0.44081632653061226,0.46311475409836067,0.4730290456431535,0.44214876033057854,0.4125,0.3235294117647059,0.26556016597510373,0.20502092050209206,0.17154811715481172,0.16317991631799164,0.1518987341772152,0.13636363636363635,0.1037344398340249,0.0912863070539419,0.07407407407407407,0.09623430962343096,0.102880658436214,0.11814345991561181,0.10212765957446808,0.10300429184549356,0.11063829787234042,0.1282051282051282,0.12017167381974249,0.13675213675213677
106,0.158770442072396,0.45614035087719296,0.4482758620689655,0.4678111587982833,0.46120689655172414,0.4780701754385965,0.47435897435897434,0.41702127659574467,0.3605150214592275,0.2608695652173913,0.21367521367521367,0.1694915254237288,0.15481171548117154,0.1506276150627615,0.14583333333333334,0.15637860082304528,0.18292682926829268,0.17073170731707318,0.17012448132780084,0.18672199170124482,0.175,0.1625,0.14345991561181434,0.15611814345991562,0.15833333333333333
107,0.148859858315538,0.29508196721311475,0.30165289256198347,0.319672131147541,0.3263598326359833,0.3458333333333333,0.3723849372384937,0.3686440677966102,0.3135593220338983,0.27615062761506276,0.2625,0.22633744855967078,0.20901639344262296,0.17479674796747968,0.13709677419354838,0.112,0.099601593625498,0.0873015873015873,0.07569721115537849,0.10317460317460317,0.0984251968503937,0.11023622047244094,0.11904761904761904,0.14453125,0.19230769230769232
108,0.126666672506896,0.2892561983471074,0.3,0.33613445378151263,0.33472803347280333,0.3629032258064516,0.3902439024390244,0.356,0.3531746031746032,0.3058823529411765,0.2619047619047619,0.23694779116465864,0.17647058823529413,0.14671814671814673,0.1417624521072797,0.1274131274131274,0.09615384615384616,0.0933852140077821,0.10810810810810811,0.10077519379844961,0.10384615384615385,0.14671814671814673,0.15625,0.17829457364341086,0.17054263565891473
109,0.122454226800463,0.28846153846153844,0.31640625,0.3952569169960474,0.43190661478599224,0.4235294117647059,0.421875,0.40784313725490196,0.36046511627906974,0.31417624521072796,0.3015267175572519,0.2661596958174905,0.24427480916030533,0.17938931297709923,0.13846153846153847,0.11923076923076924,0.10227272727272728,0.10465116279069768,0.09505703422053231,0.12840466926070038,0.164,0.14901960784313725,0.16342412451361868,0.17624521072796934,0.1839080459770115
110,0.125171024153964,0.4689922480620155,0.4669260700389105,0.4666666666666667,0.4453125,0.47104247104247104,0.43529411764705883,0.412,0.37551020408163266,0.35080645161290325,0.308,0.3035019455252918,0.28185328185328185,0.2796934865900383,0.25096525096525096,0.22727272727272727,0.18490566037735848,0.15444015444015444,0.10727969348659004,0.08745247148288973,0.07547169811320754,0.06870229007633588,0.05859375,0.06563706563706563,0.07782101167315175
111,0.131479498530508,0.3568281938325991,0.35555555555555557,0.3799126637554585,0.3722943722943723,0.35964912280701755,0.37554585152838427,0.34347826086956523,0.3162393162393162,0.2978723404255319,0.2396694214876033,0.1934156378600823,0.14285714285714285,0.14516129032258066,0.12903225806451613,0.10196078431372549,0.11155378486055777,0.11067193675889328,0.12109375,0.14671814671814673,0.16091954022988506,0.17624521072796934,0.1984732824427481,0.19230769230769232,0.19066147859922178
112,0.132534549970554,0.1477832512315271,0.16346153846153846,0.1568627450980392,0.20689655172413793,0.208955223880597,0.2777777777777778,0.2736318407960199,0.255,0.25,0.2376237623762376,0.20772946859903382,0.20952380952380953,0.14285714285714285,0.11483253588516747,0.09389671361502347,0.08962264150943396,0.06666666666666667,0.07729468599033816,0.07075471698113207,0.06944444444444445,0.10599078341013825,0.1415525114155251,0.15207373271889402,0.18981481481481483
113,0.171379150280525,0.32644628099173556,0.35537190082644626,0.38626609442060084,0.3881856540084388,0.4344262295081967,0.448559670781893,0.3786008230452675,0.3170731707317073,0.2701612903225806,0.233201581027668,0.2047244094488189,0.17490494296577946,0.15151515151515152,0.11583011583011583,0.0916030534351145,0.09375,0.08203125,0.07335907335907337,0.08171206225680934,0.09689922480620156,0.1225296442687747,0.1383399209486166,0.16,0.1774193548387097
114,0.0773515784055144,0.2196078431372549,0.1889763779527559,0.17857142857142858,0.15953307392996108,0.16988416988416988,0.17557251908396945,0.17557251908396945,0.16666666666666666,0.15648854961832062,0.16602316602316602,0.15648854961832062,0.1412639405204461,0.11787072243346007,0.09541984732824428,0.06792452830188679,0.05343511450381679,0.04924242424242424,0.06037735849056604,0.04887218045112782,0.04905660377358491,0.05343511450381679,0.04580152671755725,0.04633204633204633,0.05813953488372093
115,0.130446645708966,0.23893805309734514,0.24545454545454545,0.24553571428571427,0.2391304347826087,0.2727272727272727,0.2794759825327511,0.27232142857142855,0.252212389380531,0.22666666666666666,0.19469026548672566,0.1511111111111111,0.12831858407079647,0.10666666666666667,0.07964601769911504,0.06437768240343347,0.06437768240343347,0.055793991416309016,0.05982905982905983,0.05627705627705628,0.06465517241379311,0.06926406926406926,0.06521739130434782,0.05309734513274336,0.057777777777777775
116,0.132192427269846,0.3627906976744186,0.35348837209302325,0.34579439252336447,0.3835616438356164,0.3888888888888889,0.3632075471698113,0.3584905660377358,0.3145539906103286,0.24170616113744076,0.20187793427230047,0.16901408450704225,0.15813953488372093,0.11627906976744186,0.09090909090909091,0.09545454545454546,0.09216589861751152,0.08071748878923767,0.0945945945945946,0.08482142857142858,0.08370044052863436,0.08333333333333333,0.1,0.12608695652173912,0.12608695652173912
117,0.149040863185161,0.2981651376146789,0.3212669683257919,0.3212669683257919,0.35294117647058826,0.3574660633484163,0.37727272727272726,0.3333333333333333,0.26339285714285715,0.23766816143497757,0.1762114537444934,0.16883116883116883,0.15384615384615385,0.1072961373390558,0.09829059829059829,0.09871244635193133,0.10212765957446808,0.11715481171548117,0.12033195020746888,0.13445378151260504,0.15352697095435686,0.17012448132780084,0.2,0.256198347107438,0.2857142857142857
118,0.15505030057518,0.2967479674796748,0.2834008097165992,0.3020408163265306,0.3401639344262295,0.35772357723577236,0.3855421686746988,0.34959349593495936,0.3008130081300813,0.24497991967871485,0.18875502008032127,0.1796875,0.14615384615384616,0.10606060606060606,0.1169811320754717,0.1348314606741573,0.14068441064638784,0.13793103448275862,0.12790697674418605,0.14728682170542637,0.1517509727626459,0.16342412451361868,0.18359375,0.2235294117647059,0.28076923076923077
119,0.152654144901223,0.3319327731092437,0.3416666666666667,0.32083333333333336,0.3153526970954357,0.301255230125523,0.31512605042016806,0.3277310924369748,0.3045267489711934,0.25206611570247933,0.19834710743801653,0.1991869918699187,0.20816326530612245,0.22040816326530613,0.18930041152263374,0.1859504132231405,0.14049586776859505,0.13333333333333333,0.1134453781512605,0.1134453781512605,0.10256410256410256,0.1059322033898305,0.12083333333333333,0.0995850622406639,0.10655737704918032
120,0.161833663377545,0.46747967479674796,0.430327868852459,0.4146341463414634,0.4048582995951417,0.42971887550200805,0.4581673306772908,0.41767068273092367,0.37142857142857144,0.3168724279835391,0.27459016393442626,0.2388663967611336,0.20242914979757085,0.20155038759689922,0.16342412451361868,0.14785992217898833,0.12598425196850394,0.10588235294117647,0.08661417322834646,0.05976095617529881,0.04296875,0.05019305019305019,0.05813953488372093,0.054901960784313725,0.056451612903225805
121,0.0827733710882232,0.12446351931330472,0.11587982832618025,0.11894273127753303,0.14222222222222222,0.1391304347826087,0.13852813852813853,0.13675213675213677,0.13025210084033614,0.11522633744855967,0.0995850622406639,0.07407407407407407,0.052845528455284556,0.048,0.04878048780487805,0.04938271604938271,0.04149377593360996,0.036585365853658534,0.03643724696356275,0.036290322580645164,0.03162055335968379,0.03137254901960784,0.027888446215139442,0.028,0.024
122,0.127555144270708,0.3769230769230769,0.4076923076923077,0.41434262948207173,0.44223107569721115,0.466403162055336,0.46484375,0.4031620553359684,0.35826771653543305,0.3176470588235294,0.2549800796812749,0.18503937007874016,0.16602316602316602,0.14785992217898833,0.125,0.10714285714285714,0.09126984126984126,0.10317460317460317,0.1062992125984252,0.1111111111111111,0.14285714285714285,0.16216216216216217,0.19305019305019305,0.1875,0.17374517374517376
123,0.0879847072086564,0.19313304721030042,0.19148936170212766,0.2109704641350211,0.2245762711864407,0.2127659574468085,0.19480519480519481,0.19574468085106383,0.20675105485232068,0.19665271966527198,0.19591836734693877,0.1836734693877551,0.16393442622950818,0.13934426229508196,0.12083333333333333,0.09623430962343096,0.0635593220338983,0.05128205128205128,0.03896103896103896,0.029661016949152543,0.02109704641350211,0.02575107296137339,0.025210084033613446,0.028925619834710745,0.032
124,0.143736645266085,0.22440944881889763,0.2589641434262948,0.2570281124497992,0.2631578947368421,0.3064516129032258,0.316,0.2971887550200803,0.26907630522088355,0.232,0.184,0.184,0.16733067729083664,0.13114754098360656,0.09716599190283401,0.08064516129032258,0.08764940239043825,0.08333333333333333,0.08300395256916997,0.0888030888030888,0.10344827586206896,0.11284046692607004,0.14960629921259844,0.19047619047619047,0.24096385542168675
125,0.154759971673275,0.5023696682464455,0.4786729857819905,0.45539906103286387,0.4583333333333333,0.4429223744292237,0.43805309734513276,0.3700440528634361,0.32286995515695066,0.27601809954751133,0.21395348837209302,0.21875,0.21238938053097345,0.18584070796460178,0.14349775784753363,0.0867579908675799,0.06451612903225806,0.049773755656108594,0.044444444444444446,0.04824561403508772,0.02631578947368421,0.03111111111111111,0.02608695652173913,0.02242152466367713,0.02666666666666667
126,0.121739122540458,0.45064377682403434,0.4658119658119658,0.4525862068965517,0.4661016949152542,0.42857142857142855,0.40789473684210525,0.3482142857142857,0.29017857142857145,0.2610619469026549,0.19111111111111112,0.18061674008810572,0.18181818181818182,0.15384615384615385,0.11965811965811966,0.10256410256410256,0.08403361344537816,0.08438818565400844,0.06751054852320675,0.058333333333333334,0.0411522633744856,0.05063291139240506,0.058091286307053944,0.07053941908713693,0.07377049180327869
127,0.1397380574521,0.2892561983471074,0.32489451476793246,0.375,0.4132231404958678,0.41975308641975306,0.45081967213114754,0.42323651452282157,0.36065573770491804,0.29918032786885246,0.24279835390946503,0.23333333333333334,0.20833333333333334,0.1652542372881356,0.13983050847457626,0.15611814345991562,0.14893617021276595,0.13675213675213677,0.14285714285714285,0.14814814814814814,0.13414634146341464,0.12648221343873517,0.1124031007751938,0.1067193675889328,0.10546875
128,0.109764863572079,0.22641509433962265,0.25660377358490566,0.2862595419847328,0.29545454545454547,0.33840304182509506,0.35471698113207545,0.34444444444444444,0.31835205992509363,0.2693726937269373,0.23308270676691728,0.20676691729323307,0.20149253731343283,0.16044776119402984,0.1282051282051282,0.12222222222222222,0.11439114391143912,0.0962962962962963,0.09701492537313433,0.08582089552238806,0.10408921933085502,0.11152416356877323,0.12030075187969924,0.13909774436090225,0.1553030303030303
129,0.132876658330561,0.29004329004329005,0.27555555555555555,0.25,0.24434389140271492,0.24545454545454545,0.22624434389140272,0.2191780821917808,0.2100456621004566,0.15384615384615385,0.1592920353982301,0.13392857142857142,0.08928571428571429,0.08035714285714286,0.05855855855855856,0.05309734513274336,0.04954954954954955,0.044642857142857144,0.026905829596412557,0.03111111111111111,0.030973451327433628,0.03571428571428571,0.04072398190045249,0.03111111111111111,0.04
130,0.148161854695145,0.35064935064935066,0.34763948497854075,0.34051724137931033,0.33620689655172414,0.33617021276595743,0.3487394957983193,0.2911392405063291,0.26359832635983266,0.23529411764705882,0.23404255319148937,0.2222222222222222,0.2024793388429752,0.18930041152263374,0.15702479338842976,0.11983471074380166,0.1115702479338843,0.11203319502074689,0.12658227848101267,0.12236286919831224,0.10970464135021098,0.100418410041841,0.10504201680672269,0.12393162393162394,0.12393162393162394
131,0.134661587459886,0.21739130434782608,0.22466960352422907,0.24444444444444444,0.26991150442477874,0.2775330396475771,0.3392070484581498,0.32051282051282054,0.31196581196581197,0.30434782608695654,0.2584745762711864,0.25630252100840334,0.2175732217573222,0.2,0.15510204081632653,0.12195121951219512,0.09836065573770492,0.08943089430894309,0.0728744939271255,0.08333333333333333,0.06692913385826772,0.07335907335907337,0.06201550387596899,0.055776892430278883,0.04819277108433735
132,0.0718196228267377,0.11764705882352941,0.13636363636363635,0.14864864864864866,0.16591928251121077,0.1651376146788991,0.16744186046511628,0.16203703703703703,0.1527777777777778,0.14150943396226415,0.102803738317757,0.0963302752293578,0.0821917808219178,0.07407407407407407,0.07075471698113207,0.04205607476635514,0.018867924528301886,0.013953488372093023,0.004739336492890996,0.004629629629629629,0.0136986301369863,0.004524886877828055,0.00909090909090909,0.0091324200913242,0.008968609865470852
133,0.145087175825842,0.33584905660377357,0.3473282442748092,0.36981132075471695,0.3609022556390977,0.32954545454545453,0.3445692883895131,0.31203007518796994,0.2830188679245283,0.2846153846153846,0.23938223938223938,0.23371647509578544,0.22433460076045628,0.20689655172413793,0.1482889733840304,0.12307692307692308,0.1076923076923077,0.09774436090225563,0.09541984732824428,0.07421875,0.07662835249042145,0.07224334600760456,0.060836501901140684,0.07782101167315175,0.08300395256916997
134,0.139089850881931,0.3967611336032389,0.3765182186234818,0.30364372469635625,0.32926829268292684,0.291497975708502,0.29508196721311475,0.27346938775510204,0.2601626016260163,0.22267206477732793,0.18725099601593626,0.1693548387096774,0.1440329218106996,0.11788617886178862,0.08264462809917356,0.0743801652892562,0.06147540983606557,0.0546218487394958,0.04680851063829787,0.046610169491525424,0.046610169491525424,0.05555555555555555,0.09282700421940929,0.1115702479338843,0.136
135,0.100984093847336,0.24324324324324326,0.24031007751937986,0.2637795275590551,0.2795275590551181,0.2896825396825397,0.2976190476190476,0.29098360655737704,0.2530612244897959,0.2066115702479339,0.1910569105691057,0.1680327868852459,0.12601626016260162,0.09387755102040816,0.10204081632653061,0.0796812749003984,0.07905138339920949,0.09486166007905138,0.1015625,0.11627906976744186,0.13846153846153847,0.16412213740458015,0.1717557251908397,0.16470588235294117,0.17716535433070865
136,0.135445593181037,0.35,0.37656903765690375,0.3948497854077253,0.3593073593073593,0.34893617021276596,0.3333333333333333,0.33472803347280333,0.2966101694915254,0.3021276595744681,0.2489451476793249,0.22784810126582278,0.17083333333333334,0.14754098360655737,0.11693548387096774,0.084,0.08835341365461848,0.08333333333333333,0.07171314741035857,0.08366533864541832,0.099601593625498,0.10714285714285714,0.099601593625498,0.09716599190283401,0.09876543209876543
137,0.144597631572294,0.3684210526315789,0.3920704845814978,0.35526315789473684,0.3686440677966102,0.3562231759656652,0.36637931034482757,0.3347826086956522,0.3275862068965517,0.3218884120171674,0.2857142857142857,0.3008130081300813,0.3,0.2631578947368421,0.23481781376518218,0.188,0.17716535433070865,0.1583011583011583,0.1568627450980392,0.12260536398467432,0.13565891472868216,0.14960629921259844,0.15234375,0.15748031496062992,0.16796875
138,0.139188766451297,0.3037974683544304,0.3135593220338983,0.37448559670781895,0.39357429718875503,0.4150197628458498,0.40711462450592883,0.3611111111111111,0.3215686274509804,0.27734375,0.21568627450980393,0.1744186046511628,0.13725490196078433,0.12927756653992395,0.12355212355212356,0.1124031007751938,0.11372549019607843,0.10505836575875487,0.10038610038610038,0.12015503875968993,0.12109375,0.11155378486055777,0.12156862745098039,0.12992125984251968,0.12890625
139,0.0974922368254485,0.3157894736842105,0.3170731707317073,0.35365853658536583,0.35714285714285715,0.38492063492063494,0.3675889328063241,0.3187250996015936,0.264,0.23412698412698413,0.2364341085271318,0.1984732824427481,0.20306513409961685,0.20610687022900764,0.1828793774319066,0.1593625498007968,0.12301587301587301,0.10714285714285714,0.1015625,0.1,0.10687022900763359,0.09848484848484848,0.11235955056179775,0.10861423220973783,0.12030075187969924
140,0.143280432487818,0.4206008583690987,0.4085106382978723,0.4291845493562232,0.4025423728813559,0.44017094017094016,0.3907563025210084,0.35269709543568467,0.3125,0.2754237288135593,0.2320675105485232,0.20675105485232068,0.1829787234042553,0.1574468085106383,0.12184873949579832,0.15163934426229508,0.15510204081632653,0.12550607287449392,0.11788617886178862,0.10975609756097561,0.0743801652892562,0.05761316872427984,0.07083333333333333,0.06779661016949153,0.0641025641025641
141,0.133926956633333,0.2863849765258216,0.31100478468899523,0.34299516908212563,0.3170731707317073,0.3137254901960784,0.27450980392156865,0.2413793103448276,0.19095477386934673,0.16748768472906403,0.14285714285714285,0.11650485436893204,0.07246376811594203,0.04830917874396135,0.0392156862745098,0.02857142857142857,0.03333333333333333,0.02857142857142857,0.028708133971291867,0.03317535545023697,0.02336448598130841,0.018691588785046728,0.013761467889908258,0.004629629629629629,0.0045871559633027525
142,0.0954311078478435,0.19753086419753085,0.21810699588477367,0.22033898305084745,0.2301255230125523,0.23931623931623933,0.21739130434782608,0.2017167381974249,0.189873417721519,0.1350210970464135,0.08860759493670886,0.06611570247933884,0.061224489795918366,0.040160642570281124,0.03187250996015936,0.023622047244094488,0.011764705882352941,0.007936507936507936,0.011904761904761904,0.016,0.020080321285140562,0.024291497975708502,0.02032520325203252,0.020080321285140562,0.01593625498007968
143,0.105315885204798,0.4048582995951417,0.41735537190082644,0.43037974683544306,0.39166666666666666,0.3991769547325103,0.4125,0.3817427385892116,0.3292181069958848,0.2572614107883817,0.22448979591836735,0.18775510204081633,0.17408906882591094,0.12601626016260162,0.12396694214876033,0.08064516129032258,0.09274193548387097,0.1,0.104,0.10276679841897234,0.10276679841897234,0.109375,0.1076923076923077,0.10038610038610038,0.09765625
144,0.170409711439732,0.5,0.5019455252918288,0.5340909090909091,0.5315985130111525,0.4870848708487085,0.46616541353383456,0.4423076923076923,0.3549618320610687,0.24031007751937986,0.19615384615384615,0.19391634980988592,0.19101123595505617,0.18888888888888888,0.13405797101449277,0.10256410256410256,0.10357142857142858,0.1103202846975089,0.1524822695035461,0.16845878136200718,0.18681318681318682,0.17647058823529413,0.1814814814814815,0.2066420664206642,0.22304832713754646
145,0.117330709355459,0.34347826086956523,0.3448275862068966,0.34347826086956523,0.3053097345132743,0.3201754385964912,0.2925764192139738,0.2608695652173913,0.2575107296137339,0.2222222222222222,0.20416666666666666,0.16872427983539096,0.15447154471544716,0.148,0.14,0.11462450592885376,0.10040160642570281,0.07171314741035857,0.054901960784313725,0.04263565891472868,0.02681992337164751,0.03461538461538462,0.0390625,0.043824701195219126,0.05622489959839357
146,0.0976614144776362,0.14285714285714285,0.16532258064516128,0.1673469387755102,0.1680327868852459,0.18218623481781376,0.17408906882591094,0.18,0.15853658536585366,0.13877551020408163,0.15163934426229508,0.13008130081300814,0.0984251968503937,0.092,0.08064516129032258,0.06854838709677419,0.06451612903225806,0.06,0.04838709677419355,0.036885245901639344,0.024489795918367346,0.032388663967611336,0.020833333333333332,0.012396694214876033,0.024691358024691357
147,0.114942112922427,0.2827868852459016,0.3008130081300813,0.30612244897959184,0.363265306122449,0.32510288065843623,0.3374485596707819,0.28512396694214875,0.27049180327868855,0.24180327868852458,0.22672064777327935,0.20161290322580644,0.13709677419354838,0.1,0.05179282868525897,0.056,0.04878048780487805,0.06097560975609756,0.056910569105691054,0.06097560975609756,0.0743801652892562,0.0875,0.10212765957446808,0.11206896551724138,0.13157894736842105
148,0.124861369873949,0.32589285714285715,0.3392857142857143,0.3288888888888889,0.32751091703056767,0.3157894736842105,0.3230088495575221,0.3094170403587444,0.26666666666666666,0.2088888888888889,0.17194570135746606,0.12831858407079647,0.1031390134529148,0.08,0.05429864253393665,0.06818181818181818,0.06363636363636363,0.06511627906976744,0.06481481481481481,0.05504587155963303,0.04054054054054054,0.035555555555555556,0.02702702702702703,0.022727272727272728,0.026785714285714284
149,0.148758436343243,0.3632286995515695,0.36936936936936937,0.36607142857142855,0.3482142857142857,0.38565022421524664,0.3744292237442922,0.3242009132420091,0.2681818181818182,0.2361111111111111,0.20361990950226244,0.15695067264573992,0.1592920353982301,0.13973799126637554,0.1282051282051282,0.0851063829787234,0.09012875536480687,0.07792207792207792,0.11688311688311688,0.14042553191489363,0.15416666666666667,0.16942148760330578,0.16115702479338842,0.1557377049180328,0.16194331983805668
150,0.17054230022236,0.39285714285714285,0.3611111111111111,0.3836734693877551,0.3895582329317269,0.356,0.304,0.27309236947791166,0.24096385542168675,0.196,0.1814516129032258,0.15853658536585366,0.10975609756097561,0.09016393442622951,0.0875,0.08502024291497975,0.08196721311475409,0.09090909090909091,0.09163346613545817,0.07782101167315175,0.10887096774193548,0.12244897959183673,0.12863070539419086,0.13524590163934427,0.15
151,0.0866115803858618,0.22887323943661972,0.2097902097902098,0.20848056537102475,0.2099644128113879,0.2323943661971831,0.21554770318021202,0.20350877192982456,0.1824561403508772,0.17132867132867133,0.15901060070671377,0.16428571428571428,0.15808823529411764,0.15162454873646208,0.12915129151291513,0.11678832116788321,0.14233576642335766,0.1371841155234657,0.1371841155234657,0.148014440433213,0.14285714285714285,0.13261648745519714,0.13978494623655913,0.15770609318996415,0.1371841155234657
152,0.170502290855741,0.42916666666666664,0.48945147679324896,0.5021097046413502,0.5358649789029536,0.5435684647302904,0.47257383966244726,0.4225941422594142,0.3168724279835391,0.24793388429752067,0.21991701244813278,0.18032786885245902,0.14859437751004015,0.14901960784313725,0.13618677042801555,0.138996138996139,0.13618677042801555,0.12790697674418605,0.13307984790874525,0.13409961685823754,0.1450381679389313,0.16666666666666666,0.17716535433070865,0.16,0.17142857142857143
153,0.107392075848813,0.2925764192139738,0.3203463203463203,0.32894736842105265,0.3169642857142857,0.27149321266968324,0.2663755458515284,0.22746781115879827,0.22510822510822512,0.20175438596491227,0.17467248908296942,0.1608695652173913,0.14782608695652175,0.13777777777777778,0.14545454545454545,0.1031390134529148,0.09009009009009009,0.09767441860465116,0.102803738317757,0.09216589861751152,0.09502262443438914,0.091324200913242,0.10762331838565023,0.11160714285714286,0.1277533039647577
154,0.149180841905826,0.3770491803278688,0.38396624472573837,0.3905579399141631,0.41630901287553645,0.41702127659574467,0.4,0.3686440677966102,0.35,0.30165289256198347,0.2540983606557377,0.20491803278688525,0.208,0.20717131474103587,0.20161290322580644,0.14741035856573706,0.1111111111111111,0.12350597609561753,0.12550607287449392,0.13654618473895583,0.13654618473895583,0.16666666666666666,0.1934156378600823,0.2066115702479339,0.2145748987854251
155,0.171305597148073,0.3918918918918919,0.3721973094170404,0.35874439461883406,0.341991341991342,0.35064935064935066,0.3565217391304348,0.30472103004291845,0.23728813559322035,0.19747899159663865,0.19246861924686193,0.20081967213114754,0.20081967213114754,0.1680327868852459,0.16942148760330578,0.1700404858299595,0.15918367346938775,0.17338709677419356,0.2073170731707317,0.21544715447154472,0.22448979591836735,0.26229508196721313,0.25609756097560976,0.28627450980392155,0.2607003891050584
156,0.170346991271661,0.42570281124497994,0.404,0.41295546558704455,0.3944223107569721,0.40239043824701193,0.42276422764227645,0.35390946502057613,0.3305439330543933,0.2703862660944206,0.2317596566523605,0.2076271186440678,0.15319148936170213,0.13333333333333333,0.10504201680672269,0.07563025210084033,0.06808510638297872,0.058823529411764705,0.05371900826446281,0.045081967213114756,0.0375,0.04065040650406504,0.029166666666666667,0.05416666666666667,0.05439330543933055
157,0.137866766857719,0.379746835443038,0.37344398340248963,0.359504132231405,0.36065573770491804,0.32098765432098764,0.319672131147541,0.27755102040816326,0.21862348178137653,0.17959183673469387,0.20553359683794467,0.22709163346613545,0.20318725099601595,0.20948616600790515,0.1889763779527559,0.1732283464566929,0.1541501976284585,0.1511627906976744,0.12643678160919541,0.14122137404580154,0.12547528517110265,0.11439114391143912,0.11764705882352941,0.11808118081180811,0.14022140221402213
158,0.112980764720579,0.25,0.23430962343096234,0.21161825726141079,0.17916666666666667,0.21338912133891214,0.23868312757201646,0.21370967741935484,0.1975806451612903,0.16,0.144,0.12550607287449392,0.10975609756097561,0.08906882591093117,0.08064516129032258,0.06451612903225806,0.04918032786885246,0.03292181069958848,0.028112449799196786,0.0196078431372549,0.01968503937007874,0.007905138339920948,0.01171875,0.01606425702811245,0.028112449799196786
159,0.158026062621857,0.3951612903225806,0.38188976377952755,0.3729508196721312,0.3574468085106383,0.3389121338912134,0.326271186440678,0.3076923076923077,0.2425531914893617,0.2288135593220339,0.2,0.16393442622950818,0.14227642276422764,0.13253012048192772,0.11290322580645161,0.07228915662650602,0.06,0.055776892430278883,0.03557312252964427,0.023529411764705882,0.0234375,0.01953125,0.031007751937984496,0.039525691699604744,0.043137254901960784
160,0.155767009075959,0.38113207547169814,0.36981132075471695,0.3371212121212121,0.31835205992509363,0.3283018867924528,0.3269961977186312,0.2894736842105263,0.24444444444444444,0.21673003802281368,0.2099236641221374,0.20463320463320464,0.1856060606060606,0.15151515151515152,0.16091954022988506,0.16602316602316602,0.14453125,0.138996138996139,0.1183206106870229,0.10984848484848485,0.09961685823754789,0.10727969348659004,0.12840466926070038,0.13953488372093023,0.1346153846153846
161,0.102435528655037,0.22127659574468084,0.21518987341772153,0.21120689655172414,0.22844827586206898,0.19827586206896552,0.18220338983050846,0.16595744680851063,0.13537117903930132,0.12121212121212122,0.08583690987124463,0.07142857142857142,0.07818930041152264,0.06779661016949153,0.05485232067510549,0.049586776859504134,0.05394190871369295,0.04583333333333333,0.04583333333333333,0.05785123966942149,0.049586776859504134,0.04979253112033195,0.05508474576271186,0.04219409282700422,0.03829787234042553
162,0.152608963136444,0.36403508771929827,0.36681222707423583,0.37339055793991416,0.3360995850622407,0.37142857142857144,0.4,0.3790322580645161,0.3524590163934426,0.3360655737704918,0.2967479674796748,0.2857142857142857,0.264,0.2134387351778656,0.18503937007874016,0.1450381679389313,0.1297709923664122,0.12015503875968993,0.09230769230769231,0.07518796992481203,0.052830188679245285,0.046153846153846156,0.03488372093023256,0.031496062992125984,0.01953125
163,0.170562952215646,0.35714285714285715,0.3724696356275304,0.4,0.4256198347107438,0.38589211618257263,0.38524590163934425,0.3497942386831276,0.2967479674796748,0.26104417670682734,0.18473895582329317,0.17928286852589642,0.15354330708661418,0.124,0.10204081632653061,0.07258064516129033,0.04819277108433735,0.042801556420233464,0.043137254901960784,0.07539682539682539,0.08984375,0.08984375,0.09523809523809523,0.10526315789473684,0.12704918032786885
164,0.141268159703815,0.4089068825910931,0.3522267206477733,0.3070539419087137,0.256198347107438,0.24896265560165975,0.22727272727272727,0.200836820083682,0.17083333333333334,0.18292682926829268,0.19047619047619047,0.1937984496124031,0.15625,0.12260536398467432,0.0962962962962963,0.07326007326007326,0.05947955390334572,0.048507462686567165,0.041353383458646614,0.045454545454545456,0.055970149253731345,0.04924242424242424,0.052830188679245285,0.06415094339622641,0.08778625954198473
165,0.136725775101178,0.41702127659574467,0.4533898305084746,0.46218487394957986,0.4125,0.4092827004219409,0.4219409282700422,0.34177215189873417,0.3080168776371308,0.2703862660944206,0.2584745762711864,0.23605150214592274,0.22362869198312235,0.20588235294117646,0.15767634854771784,0.13445378151260504,0.100418410041841,0.06666666666666667,0.05907172995780591,0.05603448275862069,0.048034934497816595,0.03879310344827586,0.02553191489361702,0.012711864406779662,0.03389830508474576
166,0.170345644515318,0.33771929824561403,0.41228070175438597,0.42857142857142855,0.4185022026431718,0.42290748898678415,0.4247787610619469,0.3876651982378855,0.34210526315789475,0.3183856502242152,0.2543859649122807,0.2025862068965517,0.17167381974248927,0.1440677966101695,0.10638297872340426,0.07172995780590717,0.07083333333333333,0.06584362139917696,0.0875,0.08333333333333333,0.07112970711297072,0.08368200836820083,0.0954356846473029,0.1276595744680851,0.17543859649122806
167,0.114041015751808,0.276,0.2971887550200803,0.27125506072874495,0.2727272727272727,0.27049180327868855,0.2540322580645161,0.24193548387096775,0.20967741935483872,0.18442622950819673,0.156,0.12350597609561753,0.084,0.06746031746031746,0.044534412955465584,0.044534412955465584,0.0321285140562249,0.03187250996015936,0.044,0.06451612903225806,0.06611570247933884,0.06611570247933884,0.0546218487394958,0.05555555555555555,0.04700854700854701
168,0.154168787511713,0.4658119658119658,0.4666666666666667,0.4495798319327731,0.49166666666666664,0.4834710743801653,0.45188284518828453,0.44583333333333336,0.39330543933054396,0.3459915611814346,0.3045267489711934,0.3089430894308943,0.3253012048192771,0.3107569721115538,0.2607003891050584,0.23282442748091603,0.20463320463320464,0.1839080459770115,0.20152091254752852,0.22592592592592592,0.22878228782287824,0.2647058823529412,0.3048327137546468,0.34328358208955223,0.3622641509433962
169,0.102809432304264,0.2792452830188679,0.2737642585551331,0.27906976744186046,0.25,0.24535315985130113,0.23247232472324722,0.19330855018587362,0.17921146953405018,0.15714285714285714,0.11913357400722022,0.10408921933085502,0.06792452830188679,0.06766917293233082,0.07003891050583658,0.0622568093385214,0.07633587786259542,0.0708955223880597,0.07865168539325842,0.08015267175572519,0.08015267175572519,0.07279693486590039,0.07279693486590039,0.08015267175572519,0.07662835249042145
170,0.148504964669609,0.25213675213675213,0.30735930735930733,0.3218884120171674,0.3940677966101695,0.4476987447698745,0.44672131147540983,0.4163265306122449,0.3673469387755102,0.26141078838174275,0.19834710743801653,0.17551020408163265,0.18518518518518517,0.1680327868852459,0.15918367346938775,0.15476190476190477,0.14285714285714285,0.12648221343873517,0.11023622047244094,0.1220472440944882,0.11284046692607004,0.09652509652509653,0.09961685823754789,0.10038610038610038,0.08171206225680934
171,0.0882661222510892,0.29004329004329005,0.2851063829787234,0.2809917355371901,0.27459016393442626,0.2620967741935484,0.24497991967871485,0.22924901185770752,0.18846153846153846,0.17110266159695817,0.1444866920152091,0.11406844106463879,0.08745247148288973,0.0694980694980695,0.051181102362204724,0.05426356589147287,0.04633204633204633,0.04580152671755725,0.0421455938697318,0.043137254901960784,0.048,0.044,0.05138339920948617,0.05952380952380952,0.05905511811023622
172,0.140758796978192,0.3358208955223881,0.35135135135135137,0.34901960784313724,0.3515625,0.36538461538461536,0.37735849056603776,0.32575757575757575,0.25650557620817843,0.2007168458781362,0.15714285714285714,0.16370106761565836,0.14685314685314685,0.125,0.08664259927797834,0.054945054945054944,0.055350553505535055,0.0625,0.0599250936329588,0.06273062730627306,0.07749077490774908,0.08856088560885608,0.08856088560885608,0.1044776119402985,0.10948905109489052
173,0.144029437975194,0.35714285714285715,0.365296803652968,0.38009049773755654,0.4200913242009132,0.4298642533936652,0.4434782608695652,0.42035398230088494,0.3805309734513274,0.3347826086956522,0.2794759825327511,0.23504273504273504,0.19913419913419914,0.1810344827586207,0.1630901287553648,0.12446351931330472,0.11063829787234042,0.08936170212765958,0.08898305084745763,0.07659574468085106,0.08050847457627118,0.09745762711864407,0.12236286919831224,0.13983050847457626,0.17094017094017094
174,0.138997291573297,0.3938053097345133,0.4080717488789238,0.4439461883408072,0.4488888888888889,0.44493392070484583,0.4222222222222222,0.40707964601769914,0.3347826086956522,0.2987012987012987,0.23275862068965517,0.1724137931034483,0.14655172413793102,0.10775862068965517,0.07488986784140969,0.0735930735930736,0.07391304347826087,0.08583690987124463,0.08085106382978724,0.07883817427385892,0.07053941908713693,0.0653061224489796,0.06048387096774194,0.06666666666666667,0.06640625
175,0.132759850645579,0.4497816593886463,0.4369369369369369,0.41517857142857145,0.39285714285714285,0.3739130434782609,0.31277533039647576,0.2782608695652174,0.20851063829787234,0.14655172413793102,0.10344827586206896,0.09361702127659574,0.08368200836820083,0.045081967213114756,0.03319502074688797,0.02857142857142857,0.028455284552845527,0.020161290322580645,0.012244897959183673,0.012145748987854251,0.016260162601626018,0.024096385542168676,0.032,0.04819277108433735,0.05241935483870968
176,0.143656428682148,0.5393700787401575,0.49411764705882355,0.4738955823293173,0.45161290322580644,0.3983739837398374,0.3891213389121339,0.3432203389830508,0.28085106382978725,0.2330508474576271,0.19913419913419914,0.18487394957983194,0.1680327868852459,0.136,0.14056224899598393,0.11811023622047244,0.09486166007905138,0.09803921568627451,0.09055118110236221,0.08870967741935484,0.08433734939759036,0.10441767068273092,0.10526315789473684,0.09053497942386832,0.1111111111111111
177,0.108868210560377,0.3346938775510204,0.3306122448979592,0.3153526970954357,0.28688524590163933,0.276,0.2840466926070039,0.2578125,0.2490272373540856,0.22868217054263565,0.21673003802281368,0.2159090909090909,0.22007722007722008,0.19923371647509577,0.17898832684824903,0.1423076923076923,0.12260536398467432,0.10038610038610038,0.09266409266409266,0.058823529411764705,0.05019305019305019,0.046875,0.03787878787878788,0.045454545454545456,0.05303030303030303
178,0.106315256389349,0.2693877551020408,0.24193548387096775,0.2336065573770492,0.226890756302521,0.2345679012345679,0.25833333333333336,0.24066390041493776,0.21666666666666667,0.18181818181818182,0.14522821576763487,0.11522633744855967,0.10126582278481013,0.08860759493670886,0.07024793388429752,0.06451612903225806,0.0642570281124498,0.05555555555555555,0.07114624505928854,0.0933852140077821,0.11153846153846154,0.10546875,0.09727626459143969,0.109375,0.11284046692607004
179,0.136123895517217,0.3700787401574803,0.383399209486166,0.36507936507936506,0.4,0.41732283464566927,0.4330708661417323,0.37549407114624506,0.3333333333333333,0.30196078431372547,0.2548262548262548,0.17938931297709923,0.1647940074906367,0.1590909090909091,0.15057915057915058,0.11363636363636363,0.13409961685823754,0.11450381679389313,0.1076923076923077,0.10038610038610038,0.11196911196911197,0.0888030888030888,0.09375,0.09961685823754789,0.10566037735849057
180,0.114760006583349,0.2661596958174905,0.2796934865900383,0.32170542635658916,0.32558139534883723,0.3359375,0.3228346456692913,0.3055555555555556,0.26294820717131473,0.22672064777327935,0.20318725099601595,0.18725099601593626,0.196,0.21686746987951808,0.1686746987951807,0.16733067729083664,0.1557377049180328,0.1440329218106996,0.13807531380753138,0.10970464135021098,0.12236286919831224,0.1016949152542373,0.09282700421940929,0.11158798283261803,0.1145374449339207
181,0.139193635948602,0.24299065420560748,0.19724770642201836,0.1822429906542056,0.16129032258064516,0.1822429906542056,0.18518518518518517,0.182648401826484,0.17511520737327188,0.13145539906103287,0.12322274881516587,0.08450704225352113,0.06542056074766354,0.05092592592592592,0.046511627906976744,0.0365296803652968,0.03636363636363636,0.0410958904109589,0.041474654377880185,0.04186046511627907,0.05429864253393665,0.05726872246696035,0.05701754385964912,0.05172413793103448,0.04583333333333333
182,0.0931228285882604,0.20425531914893616,0.19742489270386265,0.20851063829787234,0.21008403361344538,0.2,0.20164609053497942,0.21074380165289255,0.21074380165289255,0.18143459915611815,0.15319148936170213,0.12017167381974249,0.06493506493506493,0.05701754385964912,0.034934497816593885,0.029787234042553193,0.03017241379310345,0.056768558951965066,0.07017543859649122,0.09482758620689655,0.11440677966101695,0.11715481171548117,0.12448132780082988,0.1276595744680851,0.1341991341991342
183,0.135784363881711,0.49361702127659574,0.44396551724137934,0.40948275862068967,0.39316239316239315,0.39565217391304347,0.44155844155844154,0.3700440528634361,0.3288888888888889,0.2747747747747748,0.22321428571428573,0.18376068376068377,0.1638655462184874,0.1459227467811159,0.12875536480686695,0.1228813559322034,0.11538461538461539,0.09829059829059829,0.11864406779661017,0.12987012987012986,0.15254237288135594,0.17872340425531916,0.19915254237288135,0.18454935622317598,0.1853448275862069
184,0.139291375681758,0.36254980079681276,0.352,0.3795918367346939,0.4122448979591837,0.3904382470119522,0.36507936507936506,0.31496062992125984,0.26877470355731226,0.23107569721115537,0.1746031746031746,0.13654618473895583,0.11244979919678715,0.10441767068273092,0.08695652173913043,0.07874015748031496,0.068,0.07692307692307693,0.05220883534136546,0.0392156862745098,0.039525691699604744,0.04032258064516129,0.06299212598425197,0.072,0.08812260536398467
185,0.0915054279759217,0.19196428571428573,0.18454935622317598,0.19823788546255505,0.21585903083700442,0.21645021645021645,0.2094017094017094,0.189873417721519,0.1829787234042553,0.1829787234042553,0.1625,0.13877551020408163,0.14285714285714285,0.13580246913580246,0.13008130081300814,0.11382113821138211,0.10121457489878542,0.09349593495934959,0.08502024291497975,0.06882591093117409,0.068,0.06,0.044,0.04819277108433735,0.045454545454545456
186,0.170588305795151,0.3688888888888889,0.3738738738738739,0.41517857142857145,0.3656387665198238,0.3744493392070485,0.37280701754385964,0.3521739130434783,0.3263598326359833,0.2768595041322314,0.2757201646090535,0.25833333333333336,0.226890756302521,0.15833333333333333,0.12396694214876033,0.1016260162601626,0.10204081632653061,0.10655737704918032,0.10526315789473684,0.1016260162601626,0.11788617886178862,0.1566265060240964,0.17786561264822134,0.18359375,0.20077220077220076
187,0.141593269448339,0.39914163090128757,0.41228070175438597,0.4017467248908297,0.4224137931034483,0.48917748917748916,0.4721030042918455,0.41739130434782606,0.4192139737991266,0.3157894736842105,0.23706896551724138,0.20502092050209206,0.189873417721519,0.1518987341772152,0.11063829787234042,0.08085106382978724,0.055793991416309016,0.046610169491525424,0.05150214592274678,0.05172413793103448,0.07203389830508475,0.09361702127659574,0.10683760683760683,0.10344827586206896,0.1038961038961039
188,0.151578007813283,0.31950207468879666,0.31512605042016806,0.3206751054852321,0.29831932773109243,0.30864197530864196,0.34439834024896265,0.33884297520661155,0.2987551867219917,0.2375,0.1589958158995816,0.16182572614107885,0.14049586776859505,0.09504132231404959,0.09387755102040816,0.07723577235772358,0.0642570281124498,0.06557377049180328,0.08196721311475409,0.08641975308641975,0.09917355371900827,0.1078838174273859,0.12704918032786885,0.15789473684210525,0.22580645161290322
189,0.100382778855487,0.17094017094017094,0.16810344827586207,0.13392857142857142,0.1504424778761062,0.16666666666666666,0.18584070796460178,0.16591928251121077,0.15178571428571427,0.15859030837004406,0.14601769911504425,0.12831858407079647,0.1145374449339207,0.1091703056768559,0.08733624454148471,0.09090909090909091,0.08050847457627118,0.08936170212765958,0.07659574468085106,0.06382978723404255,0.07112970711297072,0.0851063829787234,0.08547008547008547,0.06837606837606838,0.08085106382978724
190,0.123786788476739,0.21875,0.25,0.2825112107623318,0.29646017699115046,0.30837004405286345,0.3318777292576419,0.32608695652173914,0.28695652173913044,0.2775330396475771,0.2412280701754386,0.21212121212121213,0.19130434782608696,0.13777777777777778,0.10176991150442478,0.09090909090909091,0.10176991150442478,0.11255411255411256,0.10964912280701754,0.13004484304932734,0.13839285714285715,0.14601769911504425,0.13537117903930132,0.1277533039647577,0.13247863247863248
191,0.132804080125231,0.42857142857142855,0.475,0.5040983606557377,0.4775510204081633,0.5102040816326531,0.484,0.42570281124497994,0.3493975903614458,0.2896825396825397,0.2578125,0.21235521235521235,0.20703125,0.19844357976653695,0.16731517509727625,0.128,0.11885245901639344,0.10612244897959183,0.1016260162601626,0.08906882591093117,0.11244979919678715,0.10569105691056911,0.10441767068273092,0.11155378486055777,0.10526315789473684
192,0.170663431488791,0.4056603773584906,0.39436619718309857,0.3691588785046729,0.3665158371040724,0.35135135135135137,0.3508771929824561,0.3022222222222222,0.27074235807860264,0.24888888888888888,0.19383259911894274,0.16299559471365638,0.13392857142857142,0.12053571428571429,0.0963302752293578,0.1004566210045662,0.09375,0.08482142857142858,0.08771929824561403,0.08260869565217391,0.06808510638297872,0.0635593220338983,0.07327586206896551,0.05084745762711865,0.04741379310344827
193,0.0994032113165908,0.30677290836653387,0.321285140562249,0.357429718875502,0.31746031746031744,0.33070866141732286,0.30980392156862746,0.2840466926070039,0.2277992277992278,0.19615384615384615,0.19540229885057472,0.16793893129770993,0.16538461538461538,0.13636363636363635,0.10902255639097744,0.08148148148148149,0.08921933085501858,0.09328358208955224,0.08239700374531835,0.06367041198501873,0.05947955390334572,0.0449438202247191,0.03717472118959108,0.03745318352059925,0.030303030303030304
194,0.116001157156261,0.2918454935622318,0.2782608695652174,0.25333333333333335,0.2648401826484018,0.2398190045248869,0.2669683257918552,0.26146788990825687,0.2465753424657534,0.2,0.16055045871559634,0.14678899082568808,0.12612612612612611,0.1031390134529148,0.05309734513274336,0.04310344827586207,0.03896103896103896,0.043478260869565216,0.03375527426160337,0.03375527426160337,0.038135593220338986,0.0379746835443038,0.04583333333333333,0.045081967213114756,0.06477732793522267
195,0.139272195588676,0.3333333333333333,0.3333333333333333,0.31950207468879666,0.32644628099173556,0.33195020746887965,0.3514644351464435,0.3319327731092437,0.2669491525423729,0.18454935622317598,0.1471861471861472,0.13100436681222707,0.1091703056768559,0.06986899563318777,0.0611353711790393,0.04291845493562232,0.05150214592274678,0.05063291139240506,0.05042016806722689,0.04219409282700422,0.042735042735042736,0.046413502109704644,0.06382978723404255,0.05172413793103448,0.047619047619047616
196,0.11494406159097,0.3130434782608696,0.2982456140350877,0.28879310344827586,0.2680851063829787,0.2911392405063291,0.3181818181818182,0.2916666666666667,0.2827868852459016,0.25609756097560976,0.23265306122448978,0.21161825726141079,0.19433198380566802,0.1532258064516129,0.15139442231075698,0.13654618473895583,0.116,0.10714285714285714,0.09090909090909091,0.08267716535433071,0.09019607843137255,0.10424710424710425,0.11235955056179775,0.1169811320754717,0.11742424242424243
197,0.170247005547345,0.4189189189189189,0.4337899543378995,0.41013824884792627,0.3926940639269406,0.3561643835616438,0.2995391705069124,0.27522935779816515,0.23423423423423423,0.1743119266055046,0.14285714285714285,0.1583710407239819,0.1504424778761062,0.14347826086956522,0.13333333333333333,0.08928571428571429,0.07048458149779736,0.048672566371681415,0.030973451327433628,0.03111111111111111,0.022123893805309734,0.03125,0.017937219730941704,0.018018018018018018,0.017937219730941704
198,0.155716026425865,0.3675889328063241,0.3614457831325301,0.3333333333333333,0.3821138211382114,0.4074074074074074,0.4326530612244898,0.3817427385892116,0.3179916317991632,0.26778242677824265,0.25416666666666665,0.22983870967741934,0.21176470588235294,0.19455252918287938,0.14960629921259844,0.13095238095238096,0.08366533864541832,0.072,0.064,0.072,0.092,0.104,0.10843373493975904,0.11952191235059761,0.13253012048192772
199,0.10568215051772,0.3031496062992126,0.30158730158730157,0.2976190476190476,0.28125,0.3153846153846154,0.3320610687022901,0.2932330827067669,0.26136363636363635,0.23371647509578544,0.20833333333333334,0.1893939393939394,0.1918819188191882,0.18081180811808117,0.14760147601476015,0.11070110701107011,0.08582089552238806,0.07462686567164178,0.055762081784386616,0.05660377358490566,0.03383458646616541,0.041044776119402986,0.041044776119402986,0.04887218045112782,0.06691449814126393
200,0.170441992286631,0.2324561403508772,0.252212389380531,0.27876106194690264,0.3203463203463203,0.35526315789473684,0.3347826086956522,0.28820960698689957,0.2683982683982684,0.22807017543859648,0.17105263157894737,0.1565217391304348,0.1415929203539823,0.10762331838565023,0.09417040358744394,0.05454545454545454,0.04072398190045249,0.0319634703196347,0.04524886877828054,0.05045871559633028,0.04017857142857143,0.04504504504504504,0.03982300884955752,0.03125,0.027522935779816515
